-- MySQL dump 10.13  Distrib 8.0.44, for Linux (x86_64)
--
-- Host: localhost    Database: SportsStoreDB
-- ------------------------------------------------------
-- Server version	8.0.44

/*!40101 SET @OLD_CHARACTER_SET_CLIENT=@@CHARACTER_SET_CLIENT */;
/*!40101 SET @OLD_CHARACTER_SET_RESULTS=@@CHARACTER_SET_RESULTS */;
/*!40101 SET @OLD_COLLATION_CONNECTION=@@COLLATION_CONNECTION */;
/*!50503 SET NAMES utf8mb4 */;
/*!40103 SET @OLD_TIME_ZONE=@@TIME_ZONE */;
/*!40103 SET TIME_ZONE='+00:00' */;
/*!40014 SET @OLD_UNIQUE_CHECKS=@@UNIQUE_CHECKS, UNIQUE_CHECKS=0 */;
/*!40014 SET @OLD_FOREIGN_KEY_CHECKS=@@FOREIGN_KEY_CHECKS, FOREIGN_KEY_CHECKS=0 */;
/*!40101 SET @OLD_SQL_MODE=@@SQL_MODE, SQL_MODE='NO_AUTO_VALUE_ON_ZERO' */;
/*!40111 SET @OLD_SQL_NOTES=@@SQL_NOTES, SQL_NOTES=0 */;

--
-- Dumping data for table `Brand`
--

LOCK TABLES `Brand` WRITE;
/*!40000 ALTER TABLE `Brand` DISABLE KEYS */;
INSERT INTO `Brand` (`BrandID`, `BrandName`, `BrandDescription`, `created_at`, `updated_at`) VALUES (1,'Nike','Thương hiệu thể thao hàng đầu thế giới','2025-11-23 08:35:40','2025-11-23 08:35:40'),(2,'Adidas','Thương hiệu thể thao Đức với lịch sử lâu đời','2025-11-23 08:35:40','2025-11-23 08:35:40'),(3,'Puma','Thương hiệu thể thao Đức năng động','2025-11-23 08:35:40','2025-11-23 08:35:40'),(4,'Under Armour','Thương hiệu Mỹ chuyên trang phục thể thao','2025-11-23 08:35:40','2025-11-23 08:35:40'),(5,'New Balance','Thương hiệu giày thể thao Mỹ','2025-11-23 08:35:40','2025-11-23 08:35:40'),(6,'Reebok','Thương hiệu thể thao quốc tế','2025-11-23 08:35:40','2025-11-23 08:35:40'),(7,'Asics','Thương hiệu Nhật chuyên giày chạy bộ','2025-11-23 08:35:40','2025-11-23 08:35:40'),(8,'Mizuno','Thương hiệu Nhật Bản chất lượng cao','2025-11-23 08:35:40','2025-11-23 08:35:40'),(9,'Converse','Thương hiệu giày cổ điển','2025-11-23 08:35:40','2025-11-23 08:35:40'),(10,'Vans','Thương hiệu giày skateboard','2025-11-23 08:35:40','2025-11-23 08:35:40'),(11,'Fila','Thương hiệu thể thao Italia-Hàn Quốc','2025-11-23 08:35:40','2025-11-23 08:35:40'),(12,'Skechers','Thương hiệu giày thoải mái Mỹ','2025-11-23 08:35:40','2025-11-23 08:35:40'),(13,'Champion','Thương hiệu streetwear kinh điển','2025-11-23 08:35:40','2025-11-23 08:35:40'),(14,'The North Face','Thương hiệu outdoor hàng đầu','2025-11-23 08:35:40','2025-11-23 08:35:40'),(15,'Columbia','Thương hiệu outdoor và sportswear','2025-11-23 08:35:40','2025-11-23 08:35:40');
/*!40000 ALTER TABLE `Brand` ENABLE KEYS */;
UNLOCK TABLES;

--
-- Dumping data for table `Cart`
--

LOCK TABLES `Cart` WRITE;
/*!40000 ALTER TABLE `Cart` DISABLE KEYS */;
INSERT INTO `Cart` (`CartID`, `UserID`, `created_at`, `updated_at`) VALUES (1,2,'2025-11-23 08:35:41','2025-11-23 08:35:41');
/*!40000 ALTER TABLE `Cart` ENABLE KEYS */;
UNLOCK TABLES;

--
-- Dumping data for table `CartItems`
--

LOCK TABLES `CartItems` WRITE;
/*!40000 ALTER TABLE `CartItems` DISABLE KEYS */;
INSERT INTO `CartItems` (`CartItemsID`, `CartID`, `ProductDetailID`, `Quantity`, `Price`) VALUES (1,1,20,1,2800000.00),(2,1,56,1,4800000.00);
/*!40000 ALTER TABLE `CartItems` ENABLE KEYS */;
UNLOCK TABLES;

--
-- Dumping data for table `Categories`
--

LOCK TABLES `Categories` WRITE;
/*!40000 ALTER TABLE `Categories` DISABLE KEYS */;
INSERT INTO `Categories` (`CategoryID`, `CategoryName`, `CategoryDescription`, `created_at`, `updated_at`) VALUES (1,'Giày thể thao','Các loại giày dành cho thể thao','2025-11-23 08:35:40','2025-11-23 08:35:40'),(2,'Áo thể thao','Áo thun, áo polo, áo khoác','2025-11-23 08:35:40','2025-11-23 08:35:40'),(3,'Quần thể thao','Quần short, quần dài, legging','2025-11-23 08:35:40','2025-11-23 08:35:40'),(4,'Phụ kiện','Tất, băng đô, găng tay','2025-11-23 08:35:40','2025-11-23 08:35:40'),(5,'Túi xách','Ba lô, túi thể thao','2025-11-23 08:35:40','2025-11-23 08:35:40'),(6,'Đồ bơi','Quần áo bơi, kính bơi','2025-11-23 08:35:40','2025-11-23 08:35:40'),(7,'Đồ tập gym','Trang phục gym chuyên dụng','2025-11-23 08:35:40','2025-11-23 08:35:40'),(8,'Giày chạy bộ','Giày chuyên dụng chạy bộ','2025-11-23 08:35:40','2025-11-23 08:35:40'),(9,'Giày bóng đá','Giày chuyên dụng bóng đá','2025-11-23 08:35:40','2025-11-23 08:35:40'),(10,'Giày tennis','Giày chuyên dụng tennis','2025-11-23 08:35:40','2025-11-23 08:35:40'),(11,'Giày bóng rổ','Đồ bóng rổ chuyên nghiệp','2025-11-23 08:35:40','2025-11-23 08:35:40'),(12,'Đồ yoga','Trang phục yoga và pilates','2025-11-23 08:35:40','2025-11-23 08:35:40'),(13,'Quần áo outdoor','Quần áo dã ngoại leo núi','2025-11-23 08:35:40','2025-11-23 08:35:40');
/*!40000 ALTER TABLE `Categories` ENABLE KEYS */;
UNLOCK TABLES;

--
-- Dumping data for table `InventoryLog`
--

LOCK TABLES `InventoryLog` WRITE;
/*!40000 ALTER TABLE `InventoryLog` DISABLE KEYS */;
INSERT INTO `InventoryLog` (`LogID`, `ProductDetailID`, `QuantityIn`, `QuantityOut`, `Remaining`, `Reason`, `created_at`) VALUES (1,1,0,1,14,'Bán đơn hàng #1','2025-11-23 08:35:41'),(2,16,0,1,19,'Bán đơn hàng #1','2025-11-23 08:35:41'),(3,28,0,2,13,'Bán đơn hàng #1','2025-11-23 08:35:41'),(4,20,0,1,29,'Bán đơn hàng #2','2025-11-23 08:35:41'),(5,31,0,2,18,'Bán đơn hàng #2','2025-11-23 08:35:41'),(6,40,0,2,20,'Bán đơn hàng #2','2025-11-23 08:35:41'),(7,89,0,2,18,'Bán đơn hàng #3','2025-11-23 08:35:41'),(8,28,0,1,12,'Bán đơn hàng #3','2025-11-23 08:35:41');
/*!40000 ALTER TABLE `InventoryLog` ENABLE KEYS */;
UNLOCK TABLES;

--
-- Dumping data for table `OrderDetails`
--

LOCK TABLES `OrderDetails` WRITE;
/*!40000 ALTER TABLE `OrderDetails` DISABLE KEYS */;
INSERT INTO `OrderDetails` (`OrderDetailID`, `OrderID`, `ProductDetailID`, `Quantity`, `Price`) VALUES (1,1,1,1,3500000.00),(2,1,16,1,2800000.00),(3,1,28,2,650000.00),(4,2,20,1,2800000.00),(5,2,31,2,850000.00),(6,2,40,2,550000.00),(7,3,89,2,1500000.00),(8,3,28,1,650000.00);
/*!40000 ALTER TABLE `OrderDetails` ENABLE KEYS */;
UNLOCK TABLES;

--
-- Dumping data for table `Orders`
--

LOCK TABLES `Orders` WRITE;
/*!40000 ALTER TABLE `Orders` DISABLE KEYS */;
INSERT INTO `Orders` (`OrderID`, `UserID`, `GuestName`, `GuestEmail`, `GuestPhone`, `TotalAmount`, `Address`, `Status`, `VoucherID`, `Note`, `created_at`, `updated_at`) VALUES (1,2,NULL,NULL,NULL,7300000.00,'456 Customer Street, HCMC','delivered',NULL,'Giao hàng nhanh trong giờ hành chính','2025-11-23 08:35:41','2025-11-23 08:35:41'),(2,NULL,'Tran Thi B','tranthib@gmail.com','0901234567',5600000.00,'789 Guest Street, Danang','processing',NULL,'Gọi trước khi giao','2025-11-23 08:35:41','2025-11-23 08:35:41'),(3,NULL,'Le Van C','levanc@yahoo.com','0912345678',3200000.00,'321 Another Street, Hanoi','pending',NULL,NULL,'2025-11-23 08:35:41','2025-11-23 08:35:41');
/*!40000 ALTER TABLE `Orders` ENABLE KEYS */;
UNLOCK TABLES;

--
-- Dumping data for table `Product`
--

LOCK TABLES `Product` WRITE;
/*!40000 ALTER TABLE `Product` DISABLE KEYS */;
INSERT INTO `Product` (`ProductID`, `ProductName`, `Price`, `Status`, `MainImage`, `Description`, `RatingAvg`, `CategoryID`, `BrandID`, `created_at`, `updated_at`) VALUES (1,'Nike Air Max 270',3500000.00,'active','https://static.nike.com/a/images/t_PDP_1280_v1/f_auto,q_auto:eco/99486859-0ff3-46b4-949b-2d16af2ad421/custom-nike-air-max-270-by-you.png','Giày Nike Air Max 270 với đệm khí Max Air lớn nhất',5.00,1,1,'2025-11-23 08:35:40','2025-11-23 08:35:41'),(2,'Nike Air Force 1',2800000.00,'active','https://static.nike.com/a/images/t_PDP_1280_v1/f_auto,q_auto:eco/b7d9211c-26e7-431a-ac24-b0540fb3c00f/air-force-1-07-shoes-WrLlWX.png','Giày Nike Air Force 1 - biểu tượng phong cách đường phố',5.00,1,1,'2025-11-23 08:35:40','2025-11-23 08:35:41'),(3,'Nike React Infinity Run',4200000.00,'active','https://static.nike.com/a/images/t_PDP_1280_v1/f_auto,q_auto:eco/awjogtdnqxniqqk0wpgf/react-infinity-3-road-running-shoes-XJMHZl.png','Giày chạy bộ Nike React Infinity Run giảm chấn thương',0.00,8,1,'2025-11-23 08:35:40','2025-11-23 08:35:40'),(4,'Nike Zoom Pegasus 40',3800000.00,'active','https://static.nike.com/a/images/t_PDP_1280_v1/f_auto,q_auto:eco/a8b13a6f-c9e5-47f7-8a2e-e4f9d3b6c4d5/zoom-pegasus-40-road-running-shoes-zJMHZl.png','Giày chạy bộ Nike Zoom Pegasus 40 - lựa chọn runner',0.00,8,1,'2025-11-23 08:35:40','2025-11-23 08:35:40'),(5,'Nike Mercurial Vapor',4500000.00,'active','https://static.nike.com/a/images/t_PDP_1280_v1/f_auto,q_auto:eco/b8b13a6f-c9e5-47f7-8a2e-e4f9d3b6c4d5/mercurial-vapor-15-elite-fg-football-boots-zJMHZl.png','Giày bóng đá Nike Mercurial Vapor tốc độ tối đa',0.00,9,1,'2025-11-23 08:35:40','2025-11-23 08:35:40'),(6,'Nike Dri-FIT Training Tee',650000.00,'active','https://static.nike.com/a/images/t_PDP_1280_v1/f_auto,q_auto:eco/c8b13a6f-c9e5-47f7-8a2e-e4f9d3b6c4d5/dri-fit-training-tee.png','Áo thun Nike Dri-FIT thấm hút mồ hôi nhanh',0.00,2,1,'2025-11-23 08:35:40','2025-11-23 08:35:40'),(7,'Nike Pro Compression Shirt',850000.00,'active','https://static.nike.com/a/images/t_PDP_1280_v1/f_auto,q_auto:eco/d8b13a6f-c9e5-47f7-8a2e-e4f9d3b6c4d5/pro-compression-shirt.png','Áo compression Nike Pro hỗ trợ cơ bắp',0.00,7,1,'2025-11-23 08:35:40','2025-11-23 08:35:40'),(8,'Nike Sportswear Hoodie',1200000.00,'active','https://static.nike.com/a/images/t_PDP_1280_v1/f_auto,q_auto:eco/e8b13a6f-c9e5-47f7-8a2e-e4f9d3b6c4d5/sportswear-club-hoodie.png','Áo khoác hoodie Nike Sportswear cotton mềm mại',0.00,2,1,'2025-11-23 08:35:40','2025-11-23 08:35:40'),(9,'Nike Flex Stride Shorts',750000.00,'active','https://static.nike.com/a/images/t_PDP_1280_v1/f_auto,q_auto:eco/f8b13a6f-c9e5-47f7-8a2e-e4f9d3b6c4d5/flex-stride-shorts.png','Quần short Nike Flex Stride co giãn 4 chiều',0.00,3,1,'2025-11-23 08:35:40','2025-11-23 08:35:40'),(10,'Nike Pro Training Tights',950000.00,'active','https://static.nike.com/a/images/t_PDP_1280_v1/f_auto,q_auto:eco/g8b13a6f-c9e5-47f7-8a2e-e4f9d3b6c4d5/pro-training-tights.png','Quần legging Nike Pro hỗ trợ cơ bắp',0.00,7,1,'2025-11-23 08:35:40','2025-11-23 08:35:40'),(11,'Adidas Ultraboost 23',4800000.00,'active','https://assets.adidas.com/images/h_840,f_auto,q_auto,fl_lossy,c_fill,g_auto/ultraboost-23.jpg','Giày Adidas Ultraboost 23 công nghệ Boost độc quyền',0.00,8,2,'2025-11-23 08:35:40','2025-11-23 08:35:40'),(12,'Adidas Superstar',2500000.00,'active','https://assets.adidas.com/images/h_840,f_auto,q_auto,fl_lossy,c_fill,g_auto/superstar.jpg','Giày Adidas Superstar - biểu tượng vỏ sò',0.00,1,2,'2025-11-23 08:35:40','2025-11-23 08:35:40'),(13,'Adidas Stan Smith',2300000.00,'active','https://assets.adidas.com/images/h_840,f_auto,q_auto,fl_lossy,c_fill,g_auto/stan-smith.jpg','Giày Adidas Stan Smith tối giản thanh lịch',0.00,1,2,'2025-11-23 08:35:40','2025-11-23 08:35:40'),(14,'Adidas Predator Edge',4200000.00,'active','https://assets.adidas.com/images/h_840,f_auto,q_auto,fl_lossy,c_fill,g_auto/predator-edge.jpg','Giày bóng đá Adidas Predator Edge kiểm soát bóng tốt',0.00,9,2,'2025-11-23 08:35:40','2025-11-23 08:35:40'),(15,'Adidas Techfit Tee',680000.00,'active','https://assets.adidas.com/images/h_840,f_auto,q_auto,fl_lossy,c_fill,g_auto/techfit-tee.jpg','Áo Adidas Techfit với AEROREADY',0.00,2,2,'2025-11-23 08:35:40','2025-11-23 08:35:40'),(16,'Adidas Tiro Track Pants',850000.00,'active','https://assets.adidas.com/images/h_840,f_auto,q_auto,fl_lossy,c_fill,g_auto/tiro-track-pants.jpg','Quần Adidas Tiro với 3 sọc iconic',0.00,3,2,'2025-11-23 08:35:40','2025-11-23 08:35:40'),(17,'Adidas Z.N.E Hoodie',1500000.00,'active','https://assets.adidas.com/images/h_840,f_auto,q_auto,fl_lossy,c_fill,g_auto/zne-hoodie.jpg','Áo khoác Adidas Z.N.E thiết kế hiện đại',0.00,2,2,'2025-11-23 08:35:40','2025-11-23 08:35:40'),(18,'Puma RS-X',2800000.00,'active','https://images.puma.com/image/upload/f_auto,q_auto,b_rgb:fafafa/rsx.jpg','Giày Puma RS-X chunky sneaker thịnh hành',0.00,1,3,'2025-11-23 08:35:40','2025-11-23 08:35:40'),(19,'Puma Suede Classic',2200000.00,'active','https://images.puma.com/image/upload/f_auto,q_auto,b_rgb:fafafa/suede-classic.jpg','Giày Puma Suede Classic da lộn cao cấp',0.00,1,3,'2025-11-23 08:35:40','2025-11-23 08:35:40'),(20,'Puma Future Z',3800000.00,'active','https://images.puma.com/image/upload/f_auto,q_auto,b_rgb:fafafa/future-z.jpg','Giày bóng đá Puma Future Z FUZIONFIT+',0.00,9,3,'2025-11-23 08:35:40','2025-11-23 08:35:40'),(21,'Puma Velocity Nitro',3200000.00,'active','https://images.puma.com/image/upload/f_auto,q_auto,b_rgb:fafafa/velocity-nitro.jpg','Giày chạy Puma Velocity Nitro foam nhẹ',0.00,8,3,'2025-11-23 08:35:40','2025-11-23 08:35:40'),(22,'Puma Training Tee',550000.00,'active','https://images.puma.com/image/upload/f_auto,q_auto,b_rgb:fafafa/training-tee.jpg','Áo Puma dryCELL thấm hút tốt',0.00,2,3,'2025-11-23 08:35:40','2025-11-23 08:35:40'),(23,'Puma Essentials Shorts',650000.00,'active','https://images.puma.com/image/upload/f_auto,q_auto,b_rgb:fafafa/essentials-shorts.jpg','Quần short Puma Essentials thoải mái',0.00,3,3,'2025-11-23 08:35:40','2025-11-23 08:35:40'),(24,'UA HOVR Phantom 3',3600000.00,'active','https://underarmour.scene7.com/is/image/Underarmour/hovr-phantom-3','Giày UA HOVR Phantom 3 giảm chấn động',0.00,8,4,'2025-11-23 08:35:40','2025-11-23 08:35:40'),(25,'UA Curry Flow 10',4500000.00,'active','https://underarmour.scene7.com/is/image/Underarmour/curry-flow-10','Giày bóng rổ UA Curry Flow 10',0.00,1,4,'2025-11-23 08:35:40','2025-11-23 08:35:40'),(26,'UA HeatGear Shirt',780000.00,'active','https://underarmour.scene7.com/is/image/Underarmour/heatgear-shirt','Áo compression UA HeatGear giữ mát',0.00,7,4,'2025-11-23 08:35:40','2025-11-23 08:35:40'),(27,'UA Tech 2.0 Tee',650000.00,'active','https://underarmour.scene7.com/is/image/Underarmour/tech-20-tee','Áo UA Tech 2.0 thoáng khí nhanh khô',0.00,2,4,'2025-11-23 08:35:40','2025-11-23 08:35:40'),(28,'UA Rival Fleece Hoodie',1350000.00,'active','https://underarmour.scene7.com/is/image/Underarmour/rival-fleece-hoodie','Áo hoodie UA Rival Fleece ấm áp',0.00,2,4,'2025-11-23 08:35:40','2025-11-23 08:35:40'),(29,'New Balance 990v6',5200000.00,'active','https://nb.scene7.com/is/image/NB/990v6','Giày NB 990v6 Made in USA cao cấp',0.00,1,5,'2025-11-23 08:35:40','2025-11-23 08:35:40'),(30,'New Balance 1080v12',4200000.00,'active','https://nb.scene7.com/is/image/NB/1080v12','Giày chạy NB 1080v12 Fresh Foam X',0.00,8,5,'2025-11-23 08:35:40','2025-11-23 08:35:40'),(31,'New Balance 574',2600000.00,'active','https://nb.scene7.com/is/image/NB/574','Giày NB 574 thiết kế retro đa năng',0.00,1,5,'2025-11-23 08:35:40','2025-11-23 08:35:40'),(32,'NB Impact Run Singlet',580000.00,'active','https://nb.scene7.com/is/image/NB/impact-run-singlet','Áo ba lỗ NB Impact Run siêu nhẹ',0.00,2,5,'2025-11-23 08:35:40','2025-11-23 08:35:40'),(33,'NB Accelerate Shorts',720000.00,'active','https://nb.scene7.com/is/image/NB/accelerate-shorts','Quần short NB Accelerate với NB DRY',0.00,3,5,'2025-11-23 08:35:40','2025-11-23 08:35:40'),(34,'Reebok Nano X3',3400000.00,'active','https://assets.reebok.com/images/h_840,f_auto,q_auto/nano-x3','Giày gym Reebok Nano X3 cho CrossFit',0.00,7,6,'2025-11-23 08:35:40','2025-11-23 08:35:40'),(35,'Reebok Club C 85',2100000.00,'active','https://assets.reebok.com/images/h_840,f_auto,q_auto/club-c-85','Giày Reebok Club C 85 tennis cổ điển',0.00,1,6,'2025-11-23 08:35:40','2025-11-23 08:35:40'),(36,'Reebok Classic Leather',2300000.00,'active','https://assets.reebok.com/images/h_840,f_auto,q_auto/classic-leather','Giày Reebok Classic Leather da thật',0.00,1,6,'2025-11-23 08:35:40','2025-11-23 08:35:40'),(37,'Reebok Workout Tee',520000.00,'active','https://assets.reebok.com/images/h_840,f_auto,q_auto/workout-ready-tee','Áo Reebok Workout Ready Speedwick',0.00,2,6,'2025-11-23 08:35:40','2025-11-23 08:35:40'),(38,'Asics Gel-Kayano 30',4800000.00,'active','https://images.asics.com/is/image/asics/gel-kayano-30','Giày Asics Gel-Kayano 30 công nghệ GEL',0.00,8,7,'2025-11-23 08:35:40','2025-11-23 08:35:40'),(39,'Asics Gel-Nimbus 25',4600000.00,'active','https://images.asics.com/is/image/asics/gel-nimbus-25','Giày Asics Gel-Nimbus 25 đệm êm ái',0.00,8,7,'2025-11-23 08:35:40','2025-11-23 08:35:40'),(40,'Asics Gel-Resolution 9',3800000.00,'active','https://images.asics.com/is/image/asics/gel-resolution-9','Giày tennis Asics Gel-Resolution 9',0.00,10,7,'2025-11-23 08:35:40','2025-11-23 08:35:40'),(41,'Asics Core Running Tee',620000.00,'active','https://images.asics.com/is/image/asics/core-running-tee','Áo chạy Asics Core thoáng khí',0.00,2,7,'2025-11-23 08:35:40','2025-11-23 08:35:40'),(42,'Mizuno Wave Rider 27',3800000.00,'active','https://mizuno.com/images/wave-rider-27','Giày Mizuno Wave Rider 27 công nghệ Wave',0.00,8,8,'2025-11-23 08:35:40','2025-11-23 08:35:40'),(43,'Mizuno Wave Sky 7',4200000.00,'active','https://mizuno.com/images/wave-sky-7','Giày Mizuno Wave Sky 7 đệm tối đa',0.00,8,8,'2025-11-23 08:35:40','2025-11-23 08:35:40'),(44,'Mizuno Morelia Neo IV',4800000.00,'active','https://mizuno.com/images/morelia-neo-4','Giày bóng đá Mizuno Morelia Neo IV da kangaroo',0.00,9,8,'2025-11-23 08:35:40','2025-11-23 08:35:40'),(45,'Converse Chuck Taylor',1500000.00,'active','https://www.converse.com/dw/image/v2/chuck-taylor-all-star','Giày Converse Chuck Taylor All Star biểu tượng',0.00,1,9,'2025-11-23 08:35:40','2025-11-23 08:35:40'),(46,'Converse Chuck 70',1800000.00,'active','https://www.converse.com/dw/image/v2/chuck-70','Giày Converse Chuck 70 phiên bản cao cấp',0.00,1,9,'2025-11-23 08:35:40','2025-11-23 08:35:40'),(47,'Converse Run Star Hike',2200000.00,'active','https://www.converse.com/dw/image/v2/run-star-hike','Giày Converse Run Star Hike đế platform',0.00,1,9,'2025-11-23 08:35:40','2025-11-23 08:35:40'),(48,'Vans Old Skool',1600000.00,'active','https://images.vans.com/is/image/Vans/old-skool','Giày Vans Old Skool sọc Sidestripe',0.00,1,10,'2025-11-23 08:35:40','2025-11-23 08:35:40'),(49,'Vans Authentic',1400000.00,'active','https://images.vans.com/is/image/Vans/authentic','Giày Vans Authentic thiết kế cổ điển',0.00,1,10,'2025-11-23 08:35:40','2025-11-23 08:35:40'),(50,'Vans Sk8-Hi',1800000.00,'active','https://images.vans.com/is/image/Vans/sk8-hi','Giày Vans Sk8-Hi cổ cao hỗ trợ mắt cá',0.00,1,10,'2025-11-23 08:35:40','2025-11-23 08:35:40'),(51,'Vans UltraRange EXO',2400000.00,'active','https://images.vans.com/is/image/Vans/ultrarange-exo','Giày Vans UltraRange EXO đa địa hình',0.00,1,10,'2025-11-23 08:35:40','2025-11-23 08:35:40'),(52,'Fila Disruptor II',1900000.00,'active','https://www.fila.com/disruptor-2.jpg','Giày Fila Disruptor II chunky sneaker nổi tiếng',4.00,1,11,'2025-11-23 08:35:40','2025-11-23 08:35:41'),(53,'Fila Ray Tracer',2100000.00,'active','https://www.fila.com/ray-tracer.jpg','Giày Fila Ray Tracer phong cách retro',0.00,1,11,'2025-11-23 08:35:40','2025-11-23 08:35:40'),(54,'Fila Court Deluxe',1700000.00,'active','https://www.fila.com/court-deluxe.jpg','Giày tennis Fila Court Deluxe cổ điển',0.00,1,11,'2025-11-23 08:35:40','2025-11-23 08:35:40'),(55,'Fila Heritage Tee',450000.00,'active','https://www.fila.com/heritage-tee.jpg','Áo Fila Heritage logo vintage',0.00,2,11,'2025-11-23 08:35:40','2025-11-23 08:35:40'),(56,'Fila Track Jacket',980000.00,'active','https://www.fila.com/track-jacket.jpg','Áo khoác Fila Track phong cách retro',0.00,2,11,'2025-11-23 08:35:40','2025-11-23 08:35:40'),(57,'Skechers D\'Lux Walker',2200000.00,'active','https://www.skechers.com/dlux-walker.jpg','Giày Skechers D\'Lux Walker thoải mái tối đa',0.00,1,12,'2025-11-23 08:35:40','2025-11-23 08:35:40'),(58,'Skechers Go Walk 6',1800000.00,'active','https://www.skechers.com/gowalk-6.jpg','Giày Skechers Go Walk 6 siêu nhẹ',0.00,1,12,'2025-11-23 08:35:40','2025-11-23 08:35:40'),(59,'Skechers Flex Appeal',1650000.00,'active','https://www.skechers.com/flex-appeal.jpg','Giày Skechers Flex Appeal cho phụ nữ',0.00,1,12,'2025-11-23 08:35:40','2025-11-23 08:35:40'),(60,'Skechers Performance Tee',420000.00,'active','https://www.skechers.com/performance-tee.jpg','Áo Skechers Performance thoáng khí',0.00,2,12,'2025-11-23 08:35:40','2025-11-23 08:35:40'),(61,'Champion Reverse Weave Hoodie',1400000.00,'active','https://www.champion.com/reverse-weave-hoodie.jpg','Áo hoodie Champion Reverse Weave iconic',0.00,2,13,'2025-11-23 08:35:40','2025-11-23 08:35:40'),(62,'Champion Heritage Tee',550000.00,'active','https://www.champion.com/heritage-tee.jpg','Áo Champion Heritage logo cổ điển',0.00,2,13,'2025-11-23 08:35:40','2025-11-23 08:35:40'),(63,'Champion Powerblend Sweatshirt',880000.00,'active','https://www.champion.com/powerblend-sweatshirt.jpg','Áo sweatshirt Champion Powerblend',0.00,2,13,'2025-11-23 08:35:40','2025-11-23 08:35:40'),(64,'Champion Jersey Shorts',480000.00,'active','https://www.champion.com/jersey-shorts.jpg','Quần short Champion Jersey thoải mái',0.00,3,13,'2025-11-23 08:35:40','2025-11-23 08:35:40'),(65,'Champion Script Logo Joggers',720000.00,'active','https://www.champion.com/script-joggers.jpg','Quần jogger Champion Script Logo',0.00,3,13,'2025-11-23 08:35:40','2025-11-23 08:35:40'),(66,'The North Face Nuptse Jacket',7500000.00,'active','https://www.thenorthface.com/nuptse-jacket.jpg','Áo phông The North Face Nuptse huyền thoại',0.00,13,14,'2025-11-23 08:35:40','2025-11-23 08:35:40'),(67,'The North Face Denali Fleece',3200000.00,'active','https://www.thenorthface.com/denali-fleece.jpg','Áo fleece The North Face Denali ấm áp',0.00,2,14,'2025-11-23 08:35:40','2025-11-23 08:35:40'),(68,'The North Face Essential Tee',680000.00,'active','https://www.thenorthface.com/essential-tee.jpg','Áo The North Face Essential cotton',0.00,2,14,'2025-11-23 08:35:40','2025-11-23 08:35:40'),(69,'The North Face Explore Pant',1450000.00,'active','https://www.thenorthface.com/explore-pant.jpg','Quần dã ngoại The North Face Explore',0.00,13,14,'2025-11-23 08:35:40','2025-11-23 08:35:40'),(70,'The North Face Base Camp Backpack',2800000.00,'active','https://www.thenorthface.com/base-camp-backpack.jpg','Ba lô The North Face Base Camp',0.00,5,14,'2025-11-23 08:35:40','2025-11-23 08:35:40'),(71,'Columbia Newton Ridge Hiking',2900000.00,'active','https://www.columbia.com/newton-ridge.jpg','Giày leo núi Columbia Newton Ridge',0.00,1,15,'2025-11-23 08:35:40','2025-11-23 08:35:40'),(72,'Columbia Silver Ridge Shirt',980000.00,'active','https://www.columbia.com/silver-ridge-shirt.jpg','Áo Columbia Silver Ridge chống nắng',0.00,2,15,'2025-11-23 08:35:40','2025-11-23 08:35:40'),(73,'Columbia Omni-Heat Jacket',4500000.00,'active','https://www.columbia.com/omni-heat-jacket.jpg','Áo khoác Columbia Omni-Heat giữ nhiệt',0.00,13,15,'2025-11-23 08:35:40','2025-11-23 08:35:40'),(74,'Columbia Cargo Pants',1250000.00,'active','https://www.columbia.com/cargo-pants.jpg','Quần Columbia Cargo đa túi',0.00,13,15,'2025-11-23 08:35:40','2025-11-23 08:35:40'),(75,'Nike LeBron 21',5200000.00,'active','https://static.nike.com/lebron-21.jpg','Giày bóng rổ Nike LeBron 21',0.00,11,1,'2025-11-23 08:35:40','2025-11-23 08:35:40'),(76,'Nike KD 16',4800000.00,'active','https://static.nike.com/kd-16.jpg','Giày bóng rổ Nike KD 16',0.00,11,1,'2025-11-23 08:35:40','2025-11-23 08:35:40'),(77,'Nike Yoga Dri-FIT',880000.00,'active','https://static.nike.com/yoga-dri-fit.jpg','Áo yoga Nike Dri-FIT thoáng mát',0.00,12,1,'2025-11-23 08:35:40','2025-11-23 08:35:40'),(78,'Nike Zenvy Leggings',1350000.00,'active','https://static.nike.com/zenvy-leggings.jpg','Quần legging Nike Zenvy yoga',0.00,12,1,'2025-11-23 08:35:40','2025-11-23 08:35:40'),(79,'Nike Brasilia Backpack',890000.00,'active','https://static.nike.com/brasilia-backpack.jpg','Ba lô Nike Brasilia thể thao',0.00,5,1,'2025-11-23 08:35:40','2025-11-23 08:35:40'),(80,'Adidas Harden Vol 7',4600000.00,'active','https://assets.adidas.com/harden-vol7.jpg','Giày bóng rổ Adidas Harden Vol 7',0.00,11,2,'2025-11-23 08:35:40','2025-11-23 08:35:40'),(81,'Adidas Dame 8',4200000.00,'active','https://assets.adidas.com/dame-8.jpg','Giày bóng rổ Adidas Dame 8',0.00,11,2,'2025-11-23 08:35:40','2025-11-23 08:35:40'),(82,'Adidas Yoga Flow Tank',780000.00,'active','https://assets.adidas.com/yoga-flow-tank.jpg','Áo yoga Adidas Flow Tank',0.00,12,2,'2025-11-23 08:35:40','2025-11-23 08:35:40'),(83,'Adidas 4DFWD Running',5500000.00,'active','https://assets.adidas.com/4dfwd.jpg','Giày chạy Adidas 4DFWD công nghệ 4D',0.00,8,2,'2025-11-23 08:35:40','2025-11-23 08:35:40'),(84,'Adidas Classic Backpack',950000.00,'active','https://assets.adidas.com/classic-backpack.jpg','Ba lô Adidas Classic 3 sọc',0.00,5,2,'2025-11-23 08:35:40','2025-11-23 08:35:40'),(85,'Puma Clyde All-Pro',3900000.00,'active','https://images.puma.com/clyde-all-pro.jpg','Giày bóng rổ Puma Clyde All-Pro',0.00,11,3,'2025-11-23 08:35:40','2025-11-23 08:35:40'),(86,'Puma MB.02',4100000.00,'active','https://images.puma.com/mb-02.jpg','Giày bóng rổ Puma MB.02 LaMelo Ball',0.00,11,3,'2025-11-23 08:35:40','2025-11-23 08:35:40'),(87,'Puma Studio Yoga Top',690000.00,'active','https://images.puma.com/studio-yoga-top.jpg','Áo yoga Puma Studio',0.00,12,3,'2025-11-23 08:35:40','2025-11-23 08:35:40'),(88,'Puma Evercat Backpack',780000.00,'active','https://images.puma.com/evercat-backpack.jpg','Ba lô Puma Evercat đa năng',0.00,5,3,'2025-11-23 08:35:40','2025-11-23 08:35:40');
/*!40000 ALTER TABLE `Product` ENABLE KEYS */;
UNLOCK TABLES;

--
-- Dumping data for table `ProductDetail`
--

LOCK TABLES `ProductDetail` WRITE;
/*!40000 ALTER TABLE `ProductDetail` DISABLE KEYS */;
INSERT INTO `ProductDetail` (`ProductDetailID`, `ProductID`, `Size`, `Color`, `Quantity`, `Image`) VALUES (1,1,'38','Đen',14,NULL),(2,1,'39','Đen',20,NULL),(3,1,'40','Đen',25,NULL),(4,1,'41','Đen',30,NULL),(5,1,'42','Đen',25,NULL),(6,1,'43','Đen',20,NULL),(7,1,'38','Trắng',15,NULL),(8,1,'39','Trắng',20,NULL),(9,1,'40','Trắng',25,NULL),(10,1,'41','Trắng',30,NULL),(11,1,'42','Trắng',25,NULL),(12,1,'43','Trắng',20,NULL),(13,1,'40','Xanh Navy',20,NULL),(14,1,'41','Xanh Navy',25,NULL),(15,1,'42','Xanh Navy',20,NULL),(16,2,'38','Trắng',19,NULL),(17,2,'39','Trắng',25,NULL),(18,2,'40','Trắng',30,NULL),(19,2,'41','Trắng',35,NULL),(20,2,'42','Trắng',29,NULL),(21,2,'43','Trắng',25,NULL),(22,2,'40','Đen',25,NULL),(23,2,'41','Đen',30,NULL),(24,2,'42','Đen',25,NULL),(25,2,'40','Hồng',18,NULL),(26,2,'41','Hồng',22,NULL),(27,2,'42','Hồng',18,NULL),(28,3,'39','Đen/Trắng',12,NULL),(29,3,'40','Đen/Trắng',20,NULL),(30,3,'41','Đen/Trắng',25,NULL),(31,3,'42','Đen/Trắng',18,NULL),(32,3,'43','Đen/Trắng',15,NULL),(33,3,'40','Xanh Dương',18,NULL),(34,3,'41','Xanh Dương',22,NULL),(35,3,'42','Xanh Dương',18,NULL),(36,4,'38','Đen',12,NULL),(37,4,'39','Đen',18,NULL),(38,4,'40','Đen',22,NULL),(39,4,'41','Đen',25,NULL),(40,4,'42','Đen',20,NULL),(41,4,'43','Đen',18,NULL),(42,4,'40','Xám',20,NULL),(43,4,'41','Xám',24,NULL),(44,4,'42','Xám',20,NULL),(45,5,'39','Đỏ',12,NULL),(46,5,'40','Đỏ',18,NULL),(47,5,'41','Đỏ',20,NULL),(48,5,'42','Đỏ',18,NULL),(49,5,'43','Đỏ',12,NULL),(50,5,'40','Xanh Lá',15,NULL),(51,5,'41','Xanh Lá',18,NULL),(52,5,'42','Xanh Lá',15,NULL),(53,6,'S','Đen',30,NULL),(54,6,'M','Đen',40,NULL),(55,6,'L','Đen',35,NULL),(56,6,'XL','Đen',25,NULL),(57,6,'S','Trắng',30,NULL),(58,6,'M','Trắng',40,NULL),(59,6,'L','Trắng',35,NULL),(60,6,'XL','Trắng',25,NULL),(61,6,'M','Xanh Navy',35,NULL),(62,6,'L','Xanh Navy',30,NULL),(63,6,'XL','Xanh Navy',20,NULL),(64,7,'S','Đen',25,NULL),(65,7,'M','Đen',35,NULL),(66,7,'L','Đen',30,NULL),(67,7,'XL','Đen',20,NULL),(68,7,'M','Xám',30,NULL),(69,7,'L','Xám',25,NULL),(70,7,'XL','Xám',18,NULL),(71,8,'S','Đen',20,NULL),(72,8,'M','Đen',30,NULL),(73,8,'L','Đen',25,NULL),(74,8,'XL','Đen',18,NULL),(75,8,'M','Xám',25,NULL),(76,8,'L','Xám',22,NULL),(77,8,'XL','Xám',15,NULL),(78,9,'S','Đen',25,NULL),(79,9,'M','Đen',35,NULL),(80,9,'L','Đen',30,NULL),(81,9,'XL','Đen',20,NULL),(82,9,'M','Xanh Navy',30,NULL),(83,9,'L','Xanh Navy',25,NULL),(84,10,'S','Đen',22,NULL),(85,10,'M','Đen',32,NULL),(86,10,'L','Đen',28,NULL),(87,10,'XL','Đen',18,NULL),(88,11,'38','Trắng',15,NULL),(89,11,'39','Trắng',18,NULL),(90,11,'40','Trắng',25,NULL),(91,11,'41','Trắng',28,NULL),(92,11,'42','Trắng',25,NULL),(93,11,'43','Trắng',18,NULL),(94,11,'40','Đen',22,NULL),(95,11,'41','Đen',26,NULL),(96,11,'42','Đen',22,NULL),(97,12,'38','Trắng/Đen',18,NULL),(98,12,'39','Trắng/Đen',24,NULL),(99,12,'40','Trắng/Đen',28,NULL),(100,12,'41','Trắng/Đen',30,NULL),(101,12,'42','Trắng/Đen',28,NULL),(102,12,'43','Trắng/Đen',22,NULL),(103,12,'40','Đen/Trắng',20,NULL),(104,12,'41','Đen/Trắng',24,NULL),(105,12,'42','Đen/Trắng',20,NULL),(106,13,'38','Trắng/Xanh',16,NULL),(107,13,'39','Trắng/Xanh',22,NULL),(108,13,'40','Trắng/Xanh',26,NULL),(109,13,'41','Trắng/Xanh',28,NULL),(110,13,'42','Trắng/Xanh',26,NULL),(111,13,'43','Trắng/Xanh',20,NULL),(112,13,'40','Trắng/Đen',22,NULL),(113,13,'41','Trắng/Đen',25,NULL),(114,13,'42','Trắng/Đen',22,NULL),(115,14,'39','Đỏ',14,NULL),(116,14,'40','Đỏ',18,NULL),(117,14,'41','Đỏ',22,NULL),(118,14,'42','Đỏ',18,NULL),(119,14,'43','Đỏ',14,NULL),(120,14,'40','Đen',16,NULL),(121,14,'41','Đen',20,NULL),(122,14,'42','Đen',16,NULL),(123,15,'S','Đen',28,NULL),(124,15,'M','Đen',38,NULL),(125,15,'L','Đen',32,NULL),(126,15,'XL','Đen',22,NULL),(127,15,'M','Xanh Navy',32,NULL),(128,15,'L','Xanh Navy',28,NULL),(129,16,'S','Đen',26,NULL),(130,16,'M','Đen',36,NULL),(131,16,'L','Đen',30,NULL),(132,16,'XL','Đen',20,NULL),(133,16,'M','Xanh Navy',30,NULL),(134,16,'L','Xanh Navy',26,NULL),(135,17,'S','Đen',18,NULL),(136,17,'M','Đen',28,NULL),(137,17,'L','Đen',24,NULL),(138,17,'XL','Đen',16,NULL),(139,17,'M','Xám',24,NULL),(140,17,'L','Xám',20,NULL),(141,18,'38','Đa Màu',14,NULL),(142,18,'39','Đa Màu',20,NULL),(143,18,'40','Đa Màu',24,NULL),(144,18,'41','Đa Màu',26,NULL),(145,18,'42','Đa Màu',24,NULL),(146,18,'43','Đa Màu',18,NULL),(147,18,'40','Đen/Trắng',20,NULL),(148,18,'41','Đen/Trắng',22,NULL),(149,18,'42','Đen/Trắng',20,NULL),(150,19,'38','Đen',16,NULL),(151,19,'39','Đen',22,NULL),(152,19,'40','Đen',26,NULL),(153,19,'41','Đen',28,NULL),(154,19,'42','Đen',26,NULL),(155,19,'43','Đen',20,NULL),(156,19,'40','Xanh Navy',22,NULL),(157,19,'41','Xanh Navy',24,NULL),(158,19,'42','Xanh Navy',22,NULL),(159,20,'39','Vàng',12,NULL),(160,20,'40','Vàng',16,NULL),(161,20,'41','Vàng',20,NULL),(162,20,'42','Vàng',16,NULL),(163,20,'43','Vàng',12,NULL),(164,21,'39','Xanh Dương',14,NULL),(165,21,'40','Xanh Dương',18,NULL),(166,21,'41','Xanh Dương',22,NULL),(167,21,'42','Xanh Dương',18,NULL),(168,21,'43','Xanh Dương',14,NULL),(169,22,'S','Đen',26,NULL),(170,22,'M','Đen',36,NULL),(171,22,'L','Đen',30,NULL),(172,22,'XL','Đen',20,NULL),(173,22,'M','Trắng',32,NULL),(174,22,'L','Trắng',28,NULL),(175,23,'S','Đen',24,NULL),(176,23,'M','Đen',34,NULL),(177,23,'L','Đen',28,NULL),(178,23,'XL','Đen',18,NULL),(179,24,'39','Đen',14,NULL),(180,24,'40','Đen',18,NULL),(181,24,'41','Đen',22,NULL),(182,24,'42','Đen',18,NULL),(183,24,'43','Đen',14,NULL),(184,24,'40','Xám',16,NULL),(185,24,'41','Xám',20,NULL),(186,24,'42','Xám',16,NULL),(187,25,'39','Trắng/Vàng',12,NULL),(188,25,'40','Trắng/Vàng',16,NULL),(189,25,'41','Trắng/Vàng',20,NULL),(190,25,'42','Trắng/Vàng',16,NULL),(191,25,'43','Trắng/Vàng',12,NULL),(192,26,'S','Đen',24,NULL),(193,26,'M','Đen',34,NULL),(194,26,'L','Đen',28,NULL),(195,26,'XL','Đen',18,NULL),(196,27,'S','Đen',26,NULL),(197,27,'M','Đen',36,NULL),(198,27,'L','Đen',30,NULL),(199,27,'XL','Đen',20,NULL),(200,27,'M','Xám',32,NULL),(201,27,'L','Xám',28,NULL),(202,28,'S','Đen',18,NULL),(203,28,'M','Đen',28,NULL),(204,28,'L','Đen',24,NULL),(205,28,'XL','Đen',16,NULL),(206,29,'38','Xám',12,NULL),(207,29,'39','Xám',16,NULL),(208,29,'40','Xám',20,NULL),(209,29,'41','Xám',22,NULL),(210,29,'42','Xám',20,NULL),(211,29,'43','Xám',16,NULL),(212,30,'39','Xanh Dương',14,NULL),(213,30,'40','Xanh Dương',18,NULL),(214,30,'41','Xanh Dương',22,NULL),(215,30,'42','Xanh Dương',18,NULL),(216,30,'43','Xanh Dương',14,NULL),(217,31,'38','Xám/Xanh',16,NULL),(218,31,'39','Xám/Xanh',22,NULL),(219,31,'40','Xám/Xanh',26,NULL),(220,31,'41','Xám/Xanh',28,NULL),(221,31,'42','Xám/Xanh',26,NULL),(222,31,'43','Xám/Xanh',20,NULL),(223,32,'S','Đen',24,NULL),(224,32,'M','Đen',34,NULL),(225,32,'L','Đen',28,NULL),(226,32,'XL','Đen',18,NULL),(227,33,'S','Đen',22,NULL),(228,33,'M','Đen',32,NULL),(229,33,'L','Đen',26,NULL),(230,33,'XL','Đen',16,NULL),(231,34,'39','Đen',14,NULL),(232,34,'40','Đen',18,NULL),(233,34,'41','Đen',22,NULL),(234,34,'42','Đen',18,NULL),(235,34,'43','Đen',14,NULL),(236,35,'38','Trắng/Xanh',16,NULL),(237,35,'39','Trắng/Xanh',22,NULL),(238,35,'40','Trắng/Xanh',26,NULL),(239,35,'41','Trắng/Xanh',28,NULL),(240,35,'42','Trắng/Xanh',26,NULL),(241,35,'43','Trắng/Xanh',20,NULL),(242,36,'38','Đen',14,NULL),(243,36,'39','Đen',20,NULL),(244,36,'40','Đen',24,NULL),(245,36,'41','Đen',26,NULL),(246,36,'42','Đen',24,NULL),(247,36,'43','Đen',18,NULL),(248,37,'S','Đen',24,NULL),(249,37,'M','Đen',34,NULL),(250,37,'L','Đen',28,NULL),(251,37,'XL','Đen',18,NULL),(252,38,'39','Xanh Dương',12,NULL),(253,38,'40','Xanh Dương',16,NULL),(254,38,'41','Xanh Dương',20,NULL),(255,38,'42','Xanh Dương',16,NULL),(256,38,'43','Xanh Dương',12,NULL),(257,39,'39','Đen',12,NULL),(258,39,'40','Đen',16,NULL),(259,39,'41','Đen',20,NULL),(260,39,'42','Đen',16,NULL),(261,39,'43','Đen',12,NULL),(262,40,'39','Trắng/Xanh',12,NULL),(263,40,'40','Trắng/Xanh',16,NULL),(264,40,'41','Trắng/Xanh',20,NULL),(265,40,'42','Trắng/Xanh',16,NULL),(266,40,'43','Trắng/Xanh',12,NULL),(267,41,'S','Đen',22,NULL),(268,41,'M','Đen',32,NULL),(269,41,'L','Đen',26,NULL),(270,41,'XL','Đen',16,NULL),(271,42,'39','Cam',12,NULL),(272,42,'40','Cam',16,NULL),(273,42,'41','Cam',20,NULL),(274,42,'42','Cam',16,NULL),(275,42,'43','Cam',12,NULL),(276,43,'39','Xanh Lá',12,NULL),(277,43,'40','Xanh Lá',16,NULL),(278,43,'41','Xanh Lá',20,NULL),(279,43,'42','Xanh Lá',16,NULL),(280,43,'43','Xanh Lá',12,NULL),(281,44,'39','Đen',10,NULL),(282,44,'40','Đen',14,NULL),(283,44,'41','Đen',18,NULL),(284,44,'42','Đen',14,NULL),(285,44,'43','Đen',10,NULL),(286,45,'38','Đen',18,NULL),(287,45,'39','Đen',24,NULL),(288,45,'40','Đen',28,NULL),(289,45,'41','Đen',30,NULL),(290,45,'42','Đen',28,NULL),(291,45,'43','Đen',22,NULL),(292,45,'38','Trắng',18,NULL),(293,45,'39','Trắng',24,NULL),(294,45,'40','Trắng',28,NULL),(295,45,'41','Trắng',30,NULL),(296,45,'42','Trắng',28,NULL),(297,45,'43','Trắng',22,NULL),(298,45,'40','Đỏ',20,NULL),(299,45,'41','Đỏ',24,NULL),(300,45,'42','Đỏ',20,NULL),(301,46,'38','Đen',16,NULL),(302,46,'39','Đen',22,NULL),(303,46,'40','Đen',26,NULL),(304,46,'41','Đen',28,NULL),(305,46,'42','Đen',26,NULL),(306,46,'43','Đen',20,NULL),(307,47,'38','Đen',14,NULL),(308,47,'39','Đen',18,NULL),(309,47,'40','Đen',22,NULL),(310,47,'41','Đen',24,NULL),(311,47,'42','Đen',22,NULL),(312,47,'43','Đen',16,NULL),(313,48,'38','Đen/Trắng',18,NULL),(314,48,'39','Đen/Trắng',24,NULL),(315,48,'40','Đen/Trắng',28,NULL),(316,48,'41','Đen/Trắng',30,NULL),(317,48,'42','Đen/Trắng',28,NULL),(318,48,'43','Đen/Trắng',22,NULL),(319,49,'38','Đen',16,NULL),(320,49,'39','Đen',22,NULL),(321,49,'40','Đen',26,NULL),(322,49,'41','Đen',28,NULL),(323,49,'42','Đen',26,NULL),(324,49,'43','Đen',20,NULL),(325,49,'40','Trắng',22,NULL),(326,49,'41','Trắng',26,NULL),(327,49,'42','Trắng',22,NULL),(328,50,'38','Đen',14,NULL),(329,50,'39','Đen',20,NULL),(330,50,'40','Đen',24,NULL),(331,50,'41','Đen',26,NULL),(332,50,'42','Đen',24,NULL),(333,50,'43','Đen',18,NULL),(334,51,'38','Xám',12,NULL),(335,51,'39','Xám',18,NULL),(336,51,'40','Xám',22,NULL),(337,51,'41','Xám',24,NULL),(338,51,'42','Xám',22,NULL),(339,51,'43','Xám',16,NULL),(340,52,'38','Trắng',16,NULL),(341,52,'39','Trắng',22,NULL),(342,52,'40','Trắng',26,NULL),(343,52,'41','Trắng',28,NULL),(344,52,'42','Trắng',26,NULL),(345,52,'43','Trắng',20,NULL),(346,52,'40','Đen',20,NULL),(347,52,'41','Đen',24,NULL),(348,52,'42','Đen',20,NULL),(349,53,'38','Trắng/Đỏ',14,NULL),(350,53,'39','Trắng/Đỏ',20,NULL),(351,53,'40','Trắng/Đỏ',24,NULL),(352,53,'41','Trắng/Đỏ',26,NULL),(353,53,'42','Trắng/Đỏ',24,NULL),(354,53,'43','Trắng/Đỏ',18,NULL),(355,54,'38','Trắng',14,NULL),(356,54,'39','Trắng',18,NULL),(357,54,'40','Trắng',22,NULL),(358,54,'41','Trắng',24,NULL),(359,54,'42','Trắng',22,NULL),(360,54,'43','Trắng',16,NULL),(361,55,'S','Trắng',22,NULL),(362,55,'M','Trắng',32,NULL),(363,55,'L','Trắng',26,NULL),(364,55,'XL','Trắng',18,NULL),(365,55,'M','Đen',28,NULL),(366,55,'L','Đen',24,NULL),(367,56,'S','Xanh Navy',16,NULL),(368,56,'M','Xanh Navy',26,NULL),(369,56,'L','Xanh Navy',22,NULL),(370,56,'XL','Xanh Navy',14,NULL),(371,56,'M','Đen',24,NULL),(372,56,'L','Đen',20,NULL),(373,57,'38','Đen',14,NULL),(374,57,'39','Đen',18,NULL),(375,57,'40','Đen',22,NULL),(376,57,'41','Đen',24,NULL),(377,57,'42','Đen',22,NULL),(378,57,'43','Đen',16,NULL),(379,57,'40','Xám',18,NULL),(380,57,'41','Xám',20,NULL),(381,57,'42','Xám',18,NULL),(382,58,'38','Xám',16,NULL),(383,58,'39','Xám',20,NULL),(384,58,'40','Xám',24,NULL),(385,58,'41','Xám',26,NULL),(386,58,'42','Xám',24,NULL),(387,58,'43','Xám',18,NULL),(388,59,'36','Hồng',18,NULL),(389,59,'37','Hồng',22,NULL),(390,59,'38','Hồng',26,NULL),(391,59,'39','Hồng',28,NULL),(392,59,'40','Hồng',24,NULL),(393,59,'41','Hồng',18,NULL),(394,59,'38','Đen',20,NULL),(395,59,'39','Đen',24,NULL),(396,59,'40','Đen',20,NULL),(397,60,'S','Đen',24,NULL),(398,60,'M','Đen',34,NULL),(399,60,'L','Đen',28,NULL),(400,60,'XL','Đen',18,NULL),(401,61,'S','Xám',18,NULL),(402,61,'M','Xám',28,NULL),(403,61,'L','Xám',24,NULL),(404,61,'XL','Xám',16,NULL),(405,61,'M','Đen',26,NULL),(406,61,'L','Đen',22,NULL),(407,62,'S','Trắng',22,NULL),(408,62,'M','Trắng',32,NULL),(409,62,'L','Trắng',26,NULL),(410,62,'XL','Trắng',18,NULL),(411,62,'M','Đen',30,NULL),(412,62,'L','Đen',24,NULL),(413,63,'S','Xanh Navy',20,NULL),(414,63,'M','Xanh Navy',30,NULL),(415,63,'L','Xanh Navy',26,NULL),(416,63,'XL','Xanh Navy',16,NULL),(417,64,'S','Đen',24,NULL),(418,64,'M','Đen',34,NULL),(419,64,'L','Đen',28,NULL),(420,64,'XL','Đen',18,NULL),(421,64,'M','Xám',30,NULL),(422,64,'L','Xám',26,NULL),(423,65,'S','Đen',22,NULL),(424,65,'M','Đen',32,NULL),(425,65,'L','Đen',28,NULL),(426,65,'XL','Đen',18,NULL),(427,66,'S','Đen',12,NULL),(428,66,'M','Đen',18,NULL),(429,66,'L','Đen',16,NULL),(430,66,'XL','Đen',10,NULL),(431,66,'M','Đỏ',14,NULL),(432,66,'L','Đỏ',12,NULL),(433,67,'S','Xám',16,NULL),(434,67,'M','Xám',24,NULL),(435,67,'L','Xám',20,NULL),(436,67,'XL','Xám',14,NULL),(437,67,'M','Đen',22,NULL),(438,67,'L','Đen',18,NULL),(439,68,'S','Trắng',24,NULL),(440,68,'M','Trắng',34,NULL),(441,68,'L','Trắng',28,NULL),(442,68,'XL','Trắng',20,NULL),(443,68,'M','Đen',32,NULL),(444,68,'L','Đen',26,NULL),(445,69,'S','Đen',18,NULL),(446,69,'M','Đen',28,NULL),(447,69,'L','Đen',24,NULL),(448,69,'XL','Đen',16,NULL),(449,69,'M','Nâu',24,NULL),(450,69,'L','Nâu',20,NULL),(451,70,'M','Đen',20,NULL),(452,70,'L','Đen',18,NULL),(453,70,'M','Đỏ',16,NULL),(454,70,'L','Đỏ',14,NULL),(455,71,'39','Nâu',14,NULL),(456,71,'40','Nâu',18,NULL),(457,71,'41','Nâu',22,NULL),(458,71,'42','Nâu',20,NULL),(459,71,'43','Nâu',14,NULL),(460,71,'40','Đen',16,NULL),(461,71,'41','Đen',20,NULL),(462,71,'42','Đen',16,NULL),(463,72,'S','Xanh',20,NULL),(464,72,'M','Xanh',30,NULL),(465,72,'L','Xanh',26,NULL),(466,72,'XL','Xanh',18,NULL),(467,72,'M','Trắng',26,NULL),(468,72,'L','Trắng',22,NULL),(469,73,'S','Đen',14,NULL),(470,73,'M','Đen',22,NULL),(471,73,'L','Đen',18,NULL),(472,73,'XL','Đen',12,NULL),(473,73,'M','Xanh Navy',18,NULL),(474,73,'L','Xanh Navy',14,NULL),(475,74,'S','Nâu',18,NULL),(476,74,'M','Nâu',28,NULL),(477,74,'L','Nâu',24,NULL),(478,74,'XL','Nâu',16,NULL),(479,74,'M','Đen',26,NULL),(480,74,'L','Đen',22,NULL),(481,75,'39','Tím/Vàng',12,NULL),(482,75,'40','Tím/Vàng',16,NULL),(483,75,'41','Tím/Vàng',20,NULL),(484,75,'42','Tím/Vàng',18,NULL),(485,75,'43','Tím/Vàng',12,NULL),(486,75,'40','Đen',14,NULL),(487,75,'41','Đen',18,NULL),(488,75,'42','Đen',14,NULL),(489,76,'39','Xanh/Cam',12,NULL),(490,76,'40','Xanh/Cam',16,NULL),(491,76,'41','Xanh/Cam',20,NULL),(492,76,'42','Xanh/Cam',16,NULL),(493,76,'43','Xanh/Cam',12,NULL),(494,77,'S','Hồng',24,NULL),(495,77,'M','Hồng',34,NULL),(496,77,'L','Hồng',28,NULL),(497,77,'XL','Hồng',18,NULL),(498,77,'M','Đen',32,NULL),(499,77,'L','Đen',26,NULL),(500,78,'S','Đen',22,NULL),(501,78,'M','Đen',32,NULL),(502,78,'L','Đen',28,NULL),(503,78,'XL','Đen',18,NULL),(504,78,'M','Xám',28,NULL),(505,78,'L','Xám',24,NULL),(506,79,'M','Đen',30,NULL),(507,79,'L','Đen',25,NULL),(508,79,'M','Xanh Navy',26,NULL),(509,79,'L','Xanh Navy',22,NULL),(510,80,'39','Đen/Trắng',12,NULL),(511,80,'40','Đen/Trắng',16,NULL),(512,80,'41','Đen/Trắng',20,NULL),(513,80,'42','Đen/Trắng',16,NULL),(514,80,'43','Đen/Trắng',12,NULL),(515,81,'39','Xanh/Vàng',12,NULL),(516,81,'40','Xanh/Vàng',16,NULL),(517,81,'41','Xanh/Vàng',20,NULL),(518,81,'42','Xanh/Vàng',16,NULL),(519,81,'43','Xanh/Vàng',12,NULL),(520,82,'S','Hồng',22,NULL),(521,82,'M','Hồng',32,NULL),(522,82,'L','Hồng',26,NULL),(523,82,'XL','Hồng',18,NULL),(524,82,'M','Đen',30,NULL),(525,82,'L','Đen',24,NULL),(526,83,'39','Trắng',10,NULL),(527,83,'40','Trắng',14,NULL),(528,83,'41','Trắng',18,NULL),(529,83,'42','Trắng',14,NULL),(530,83,'43','Trắng',10,NULL),(531,83,'40','Đen',12,NULL),(532,83,'41','Đen',16,NULL),(533,83,'42','Đen',12,NULL),(534,84,'M','Đen',28,NULL),(535,84,'L','Đen',24,NULL),(536,84,'M','Xanh Navy',24,NULL),(537,84,'L','Xanh Navy',20,NULL),(538,85,'39','Trắng/Đỏ',12,NULL),(539,85,'40','Trắng/Đỏ',16,NULL),(540,85,'41','Trắng/Đỏ',20,NULL),(541,85,'42','Trắng/Đỏ',16,NULL),(542,85,'43','Trắng/Đỏ',12,NULL),(543,86,'39','Xanh/Hồng',12,NULL),(544,86,'40','Xanh/Hồng',16,NULL),(545,86,'41','Xanh/Hồng',20,NULL),(546,86,'42','Xanh/Hồng',16,NULL),(547,86,'43','Xanh/Hồng',12,NULL),(548,87,'S','Hồng',22,NULL),(549,87,'M','Hồng',32,NULL),(550,87,'L','Hồng',26,NULL),(551,87,'XL','Hồng',18,NULL),(552,87,'M','Xanh',28,NULL),(553,87,'L','Xanh',24,NULL),(554,88,'M','Đen',26,NULL),(555,88,'L','Đen',22,NULL),(556,88,'M','Xám',22,NULL),(557,88,'L','Xám',18,NULL);
/*!40000 ALTER TABLE `ProductDetail` ENABLE KEYS */;
UNLOCK TABLES;

--
-- Dumping data for table `Reviews`
--

LOCK TABLES `Reviews` WRITE;
/*!40000 ALTER TABLE `Reviews` DISABLE KEYS */;
INSERT INTO `Reviews` (`ReviewID`, `UserID`, `ProductID`, `Content`, `Rating`, `Status`, `created_at`) VALUES (1,2,1,'Giày rất tốt, đi êm chân và thoáng khí!',5,'approved','2025-11-23 08:35:41'),(2,2,2,'Nike Air Force 1 chất lượng tuyệt vời, đúng như mô tả',5,'approved','2025-11-23 08:35:41'),(3,2,52,'Giày Fila rất đẹp và trendy, mình rất hài lòng',4,'approved','2025-11-23 08:35:41');
/*!40000 ALTER TABLE `Reviews` ENABLE KEYS */;
UNLOCK TABLES;

--
-- Dumping data for table `Sessions`
--

LOCK TABLES `Sessions` WRITE;
/*!40000 ALTER TABLE `Sessions` DISABLE KEYS */;
INSERT INTO `Sessions` (`session_id`, `user_id`, `session_data`, `last_activity`) VALUES ('5c23bb1288e9c94ae8c08de17a88aa27',NULL,'','2025-11-23 08:39:41');
/*!40000 ALTER TABLE `Sessions` ENABLE KEYS */;
UNLOCK TABLES;

--
-- Dumping data for table `Users`
--

LOCK TABLES `Users` WRITE;
/*!40000 ALTER TABLE `Users` DISABLE KEYS */;
INSERT INTO `Users` (`UserID`, `FirstName`, `LastName`, `Email`, `Phone`, `Password`, `Address`, `Status`, `Role`, `created_at`, `updated_at`) VALUES (1,'Admin','Sport Store','admin@sportstore.com','0123456789','$2y$10$92IXUNpkjO0rOQ5byMi.Ye4oKoEa3Ro9llC/.og/at2.uheWG/igi','123 Admin Street, Hanoi',1,'admin','2025-11-23 08:35:40','2025-11-23 08:35:40'),(2,'Nguyen Van','An','nguyenvanan@gmail.com','0987654321','$2y$10$92IXUNpkjO0rOQ5byMi.Ye4oKoEa3Ro9llC/.og/at2.uheWG/igi','456 Customer Street, HCMC',1,'customer','2025-11-23 08:35:40','2025-11-23 08:35:40');
/*!40000 ALTER TABLE `Users` ENABLE KEYS */;
UNLOCK TABLES;

--
-- Dumping data for table `Voucher`
--

LOCK TABLES `Voucher` WRITE;
/*!40000 ALTER TABLE `Voucher` DISABLE KEYS */;
INSERT INTO `Voucher` (`VoucherID`, `VoucherCode`, `DiscountValue`, `StartDate`, `EndDate`, `Quantity`, `MinOrderValue`, `created_at`) VALUES (1,'WELCOME2025',100000.00,'2025-01-01','2025-12-31',100,500000.00,'2025-11-23 08:35:40'),(2,'SUMMER50',50000.00,'2025-06-01','2025-08-31',200,300000.00,'2025-11-23 08:35:40'),(3,'NEWYEAR2025',200000.00,'2025-01-01','2025-01-31',50,1000000.00,'2025-11-23 08:35:40'),(4,'FLASH30',30000.00,'2025-01-01','2025-12-31',500,200000.00,'2025-11-23 08:35:40'),(5,'VIP100',100000.00,'2025-01-01','2025-12-31',150,800000.00,'2025-11-23 08:35:40'),(6,'SPORT20',20000.00,'2025-01-01','2025-12-31',300,150000.00,'2025-11-23 08:35:40'),(7,'MEGA200',200000.00,'2025-01-01','2025-12-31',30,1500000.00,'2025-11-23 08:35:40'),(8,'FREESHIP',30000.00,'2025-01-01','2025-12-31',1000,0.00,'2025-11-23 08:35:40'),(9,'AUTUMN150',150000.00,'2025-09-01','2025-11-30',80,900000.00,'2025-11-23 08:35:40'),(10,'BLACKFRIDAY',500000.00,'2025-11-24','2025-11-30',20,2000000.00,'2025-11-23 08:35:40'),(11,'STUDENT15',15000.00,'2025-01-01','2025-12-31',400,100000.00,'2025-11-23 08:35:40'),(12,'MEMBER250',250000.00,'2025-01-01','2025-12-31',60,1200000.00,'2025-11-23 08:35:40'),(13,'WEEKEND50',50000.00,'2025-01-01','2025-12-31',250,400000.00,'2025-11-23 08:35:40');
/*!40000 ALTER TABLE `Voucher` ENABLE KEYS */;
UNLOCK TABLES;
/*!40103 SET TIME_ZONE=@OLD_TIME_ZONE */;

/*!40101 SET SQL_MODE=@OLD_SQL_MODE */;
/*!40014 SET FOREIGN_KEY_CHECKS=@OLD_FOREIGN_KEY_CHECKS */;
/*!40014 SET UNIQUE_CHECKS=@OLD_UNIQUE_CHECKS */;
/*!40101 SET CHARACTER_SET_CLIENT=@OLD_CHARACTER_SET_CLIENT */;
/*!40101 SET CHARACTER_SET_RESULTS=@OLD_CHARACTER_SET_RESULTS */;
/*!40101 SET COLLATION_CONNECTION=@OLD_COLLATION_CONNECTION */;
/*!40111 SET SQL_NOTES=@OLD_SQL_NOTES */;

-- Dump completed on 2025-11-23  9:32:59
